guard_l_ydiff,guard_l_ydiff_std,guard_r_ydiff,guard_r_ydiff_std,guard_l_xdiff,guard_l_xdiff_std,guard_r_xdiff,guard_r_xdiff_std,guard_l_elbow,guard_l_elbow_std,guard_r_elbow,guard_r_elbow_std,stance_w_ratio,stance_w_ratio_std,hip_w_ratio,hip_w_ratio_std,lead_foot_fwd,lead_foot_fwd_std,shoulder_tilt,shoulder_tilt_std,head_y_ratio,head_y_ratio_std,chin_tuck,chin_tuck_std
-0.0961675508619066,0.14952537168861865,-0.06839257182367982,0.11169826010232425,0.5898190404519809,0.42393335682009065,-0.3428157083699957,0.5724403123380724,0.32041901971008063,0.1953889260150106,0.3593204615031589,0.15810404411325515,2.1574829352786336,0.8411473199704356,0.6127804707689616,0.12036098849227639,-0.9118295784757119,0.5818775908758729,-0.0029369868070421956,0.09826712887921636,-0.2675636253267703,0.05483619232299672,-0.020505550719382055,0.4031429759712111
